order,frame,clip,timecode,shot_id,caption,source_type,source,flat_copy,grouped_copy,seedance_animation_prompt
1,00,Post-only,00:00.00-00:00.23,00_cold_open_dark_brand_surface,"Black stone, crest, door glow",finished_upscale,D:\New AI Directory\Tokyo Rocks\analysis\seedance_plan\manual_handoff_2026-05-13\upscaled_storyboard_refs\00_flow_frames\00_cold_open_dark_brand_surface_finished_upscale.jpeg,D:\New AI Directory\Tokyo Rocks\analysis\seedance_plan\manual_handoff_2026-05-13\all_keyframes_organized\00_all_keyframes_in_order\01_frame-00_00_cold_open_dark_brand_surface.jpeg,D:\New AI Directory\Tokyo Rocks\analysis\seedance_plan\manual_handoff_2026-05-13\all_keyframes_organized\grouped_by_clip\00_post_only\01_frame-00_00_cold_open_dark_brand_surface.jpeg,"0.23 seconds. Use the supplied 16:9 keyframe as the visual reference. Post-only beat: a subtle light pulse across black stone and the Tokyo Rocks crest, then a fast fade out on the first hit. Preserve Tokyo Rocks project design, realistic cinematic hospitality photography, 16:9 landscape. Keep architecture stable. No fake readable text, no warped logos, no poster layout, no UI overlay, no black borders, no random redesign."
2,01,Clip 01,00:00.23-00:03.94,01_soho_exterior_clean_facade,Soho exterior arrival,existing_fullframe,D:\New AI Directory\Tokyo Rocks\analysis\seedance_plan\nano_banana_full_frame_refs\00_flow_frames\01_soho_exterior_clean_facade_fullframe.png,D:\New AI Directory\Tokyo Rocks\analysis\seedance_plan\manual_handoff_2026-05-13\all_keyframes_organized\00_all_keyframes_in_order\02_frame-01_01_soho_exterior_clean_facade.png,D:\New AI Directory\Tokyo Rocks\analysis\seedance_plan\manual_handoff_2026-05-13\all_keyframes_organized\grouped_by_clip\01_clip_01_arrival_entrance_reception\02_frame-01_01_soho_exterior_clean_facade.png,"3.71 seconds. Use the supplied 16:9 keyframe as the visual reference. Slow dolly toward the Soho facade; warm interior light grows through the glass, greenery and street reflections drift gently, no fake signage. Preserve Tokyo Rocks project design, realistic cinematic hospitality photography, 16:9 landscape. Keep architecture stable. No fake readable text, no warped logos, no poster layout, no UI overlay, no black borders, no random redesign."
3,02,Clip 01,00:03.94-00:07.66,02_threshold_clean_entry,Entrance to reception,existing_fullframe,D:\New AI Directory\Tokyo Rocks\analysis\seedance_plan\nano_banana_full_frame_refs\00_flow_frames\02_threshold_clean_entry_fullframe.png,D:\New AI Directory\Tokyo Rocks\analysis\seedance_plan\manual_handoff_2026-05-13\all_keyframes_organized\00_all_keyframes_in_order\03_frame-02_02_threshold_clean_entry.png,D:\New AI Directory\Tokyo Rocks\analysis\seedance_plan\manual_handoff_2026-05-13\all_keyframes_organized\grouped_by_clip\01_clip_01_arrival_entrance_reception\03_frame-02_02_threshold_clean_entry.png,"3.72 seconds. Use the supplied 16:9 keyframe as the visual reference. Push through the entrance toward reception like a portal; host stand and warm interior glow pass forward, stable doorway geometry. Preserve Tokyo Rocks project design, realistic cinematic hospitality photography, 16:9 landscape. Keep architecture stable. No fake readable text, no warped logos, no poster layout, no UI overlay, no black borders, no random redesign."
4,03,Clip 02,00:07.66-00:11.37,03_food_hall_wide_clean,First chant: food hall opens,existing_fullframe,D:\New AI Directory\Tokyo Rocks\analysis\seedance_plan\nano_banana_full_frame_refs\00_flow_frames\03_food_hall_wide_clean_fullframe.png,D:\New AI Directory\Tokyo Rocks\analysis\seedance_plan\manual_handoff_2026-05-13\all_keyframes_organized\00_all_keyframes_in_order\04_frame-03_03_food_hall_wide_clean.png,D:\New AI Directory\Tokyo Rocks\analysis\seedance_plan\manual_handoff_2026-05-13\all_keyframes_organized\grouped_by_clip\02_clip_02_food_hall_market_fast_cuts\04_frame-03_03_food_hall_wide_clean.png,"3.71 seconds. Use the supplied 16:9 keyframe as the visual reference. Wide gimbal reveal of the two-level food hall; guests move naturally, bar shelves glow, market banners sway slightly, camera rises a little. Preserve Tokyo Rocks project design, realistic cinematic hospitality photography, 16:9 landscape. Keep architecture stable. No fake readable text, no warped logos, no poster layout, no UI overlay, no black borders, no random redesign."
5,04,Clip 02,00:11.37-00:11.99,04a_main_food_hall_hero,Main hall,existing_fullframe,D:\New AI Directory\Tokyo Rocks\analysis\seedance_plan\nano_banana_full_frame_refs\04_intro_market_foodhall_fast_cuts\04a_main_food_hall_hero_fullframe.png,D:\New AI Directory\Tokyo Rocks\analysis\seedance_plan\manual_handoff_2026-05-13\all_keyframes_organized\00_all_keyframes_in_order\05_frame-04_04a_main_food_hall_hero.png,D:\New AI Directory\Tokyo Rocks\analysis\seedance_plan\manual_handoff_2026-05-13\all_keyframes_organized\grouped_by_clip\02_clip_02_food_hall_market_fast_cuts\05_frame-04_04a_main_food_hall_hero.png,"0.62 seconds. Use the supplied 16:9 keyframe as the visual reference. Rapid half-beat hero insert of the main hall; quick forward glide, lively crowd parallax, warm food-hall light. Preserve Tokyo Rocks project design, realistic cinematic hospitality photography, 16:9 landscape. Keep architecture stable. No fake readable text, no warped logos, no poster layout, no UI overlay, no black borders, no random redesign."
6,04,Clip 02,00:11.99-00:12.61,04b_grocery_market_aisle,Grocery,existing_fullframe,D:\New AI Directory\Tokyo Rocks\analysis\seedance_plan\nano_banana_full_frame_refs\04_intro_market_foodhall_fast_cuts\04b_grocery_market_aisle_fullframe.png,D:\New AI Directory\Tokyo Rocks\analysis\seedance_plan\manual_handoff_2026-05-13\all_keyframes_organized\00_all_keyframes_in_order\06_frame-04_04b_grocery_market_aisle.png,D:\New AI Directory\Tokyo Rocks\analysis\seedance_plan\manual_handoff_2026-05-13\all_keyframes_organized\grouped_by_clip\02_clip_02_food_hall_market_fast_cuts\06_frame-04_04b_grocery_market_aisle.png,"0.62 seconds. Use the supplied 16:9 keyframe as the visual reference. Fast aisle pass through Japanese grocery shelves; products blur slightly at edges, center remains sharp, no readable invented labels. Preserve Tokyo Rocks project design, realistic cinematic hospitality photography, 16:9 landscape. Keep architecture stable. No fake readable text, no warped logos, no poster layout, no UI overlay, no black borders, no random redesign."
7,04,Clip 02,00:12.61-00:13.23,04c_fresh_produce_counter,Produce,existing_fullframe,D:\New AI Directory\Tokyo Rocks\analysis\seedance_plan\nano_banana_full_frame_refs\04_intro_market_foodhall_fast_cuts\04c_fresh_produce_counter_fullframe.png,D:\New AI Directory\Tokyo Rocks\analysis\seedance_plan\manual_handoff_2026-05-13\all_keyframes_organized\00_all_keyframes_in_order\07_frame-04_04c_fresh_produce_counter.png,D:\New AI Directory\Tokyo Rocks\analysis\seedance_plan\manual_handoff_2026-05-13\all_keyframes_organized\grouped_by_clip\02_clip_02_food_hall_market_fast_cuts\07_frame-04_04c_fresh_produce_counter.png,"0.62 seconds. Use the supplied 16:9 keyframe as the visual reference. Quick push across fresh produce and market counter; hands select fruit and vegetables, wet highlights and glass reflections shimmer. Preserve Tokyo Rocks project design, realistic cinematic hospitality photography, 16:9 landscape. Keep architecture stable. No fake readable text, no warped logos, no poster layout, no UI overlay, no black borders, no random redesign."
8,04,Clip 02,00:13.23-00:13.85,04d_sake_shochu_wall,Sake,existing_fullframe,D:\New AI Directory\Tokyo Rocks\analysis\seedance_plan\nano_banana_full_frame_refs\04_intro_market_foodhall_fast_cuts\04d_sake_shochu_wall_fullframe.png,D:\New AI Directory\Tokyo Rocks\analysis\seedance_plan\manual_handoff_2026-05-13\all_keyframes_organized\00_all_keyframes_in_order\08_frame-04_04d_sake_shochu_wall.png,D:\New AI Directory\Tokyo Rocks\analysis\seedance_plan\manual_handoff_2026-05-13\all_keyframes_organized\grouped_by_clip\02_clip_02_food_hall_market_fast_cuts\08_frame-04_04d_sake_shochu_wall.png,"0.62 seconds. Use the supplied 16:9 keyframe as the visual reference. Fast lateral slide along sake and shochu bottles; amber backlight flickers, labels stay indistinct unless already accurate. Preserve Tokyo Rocks project design, realistic cinematic hospitality photography, 16:9 landscape. Keep architecture stable. No fake readable text, no warped logos, no poster layout, no UI overlay, no black borders, no random redesign."
9,04,Clip 02,00:13.85-00:14.47,04e_cafe_lounge_daylight,Cafe,existing_fullframe,D:\New AI Directory\Tokyo Rocks\analysis\seedance_plan\nano_banana_full_frame_refs\04_intro_market_foodhall_fast_cuts\04e_cafe_lounge_daylight_fullframe.png,D:\New AI Directory\Tokyo Rocks\analysis\seedance_plan\manual_handoff_2026-05-13\all_keyframes_organized\00_all_keyframes_in_order\09_frame-04_04e_cafe_lounge_daylight.png,D:\New AI Directory\Tokyo Rocks\analysis\seedance_plan\manual_handoff_2026-05-13\all_keyframes_organized\grouped_by_clip\02_clip_02_food_hall_market_fast_cuts\09_frame-04_04e_cafe_lounge_daylight.png,"0.62 seconds. Use the supplied 16:9 keyframe as the visual reference. Short daylight cafe/lounge reveal; guests talk over coffee, black mezzanine and bottle wall stay stable, greenery catches window light. Preserve Tokyo Rocks project design, realistic cinematic hospitality photography, 16:9 landscape. Keep architecture stable. No fake readable text, no warped logos, no poster layout, no UI overlay, no black borders, no random redesign."
10,04,Clip 02,00:14.47-00:15.09,04f_social_foodhall_table,Social table,finished_upscale,D:\New AI Directory\Tokyo Rocks\analysis\seedance_plan\manual_handoff_2026-05-13\upscaled_storyboard_refs\04_intro_market_foodhall_fast_cuts\04f_social_foodhall_table_finished_upscale.jpeg,D:\New AI Directory\Tokyo Rocks\analysis\seedance_plan\manual_handoff_2026-05-13\all_keyframes_organized\00_all_keyframes_in_order\10_frame-04_04f_social_foodhall_table.jpeg,D:\New AI Directory\Tokyo Rocks\analysis\seedance_plan\manual_handoff_2026-05-13\all_keyframes_organized\grouped_by_clip\02_clip_02_food_hall_market_fast_cuts\10_frame-04_04f_social_foodhall_table.jpeg,"0.62 seconds. Use the supplied 16:9 keyframe as the visual reference. Quick social dining insert; friends lean in and laugh, tableware glints, background food hall stays softly alive. Preserve Tokyo Rocks project design, realistic cinematic hospitality photography, 16:9 landscape. Keep architecture stable. No fake readable text, no warped logos, no poster layout, no UI overlay, no black borders, no random redesign."
11,05,Clip 03,00:15.09-00:15.83,05a_live_fire_counter_wide,Wide fire counter,finished_upscale,D:\New AI Directory\Tokyo Rocks\analysis\seedance_plan\manual_handoff_2026-05-13\upscaled_storyboard_refs\05_robatayaki_fire_sequence\05a_live_fire_counter_wide_finished_upscale.jpeg,D:\New AI Directory\Tokyo Rocks\analysis\seedance_plan\manual_handoff_2026-05-13\all_keyframes_organized\00_all_keyframes_in_order\11_frame-05_05a_live_fire_counter_wide.jpeg,D:\New AI Directory\Tokyo Rocks\analysis\seedance_plan\manual_handoff_2026-05-13\all_keyframes_organized\grouped_by_clip\03_clip_03_robatayaki_fire_food_inserts\11_frame-05_05a_live_fire_counter_wide.jpeg,"0.74 seconds. Use the supplied 16:9 keyframe as the visual reference. Wide robatayaki counter hero; chefs work the live-fire grill, smoke rises, small flame licks the skewers, guests circle the counter. Preserve Tokyo Rocks project design, realistic cinematic hospitality photography, 16:9 landscape. Keep architecture stable. No fake readable text, no warped logos, no poster layout, no UI overlay, no black borders, no random redesign."
12,05,Clip 03,00:15.83-00:16.57,05b_skewers_over_flame,Skewers,finished_upscale,D:\New AI Directory\Tokyo Rocks\analysis\seedance_plan\manual_handoff_2026-05-13\upscaled_storyboard_refs\05_robatayaki_fire_sequence\05b_skewers_over_flame_finished_upscale.jpeg,D:\New AI Directory\Tokyo Rocks\analysis\seedance_plan\manual_handoff_2026-05-13\all_keyframes_organized\00_all_keyframes_in_order\12_frame-05_05b_skewers_over_flame.jpeg,D:\New AI Directory\Tokyo Rocks\analysis\seedance_plan\manual_handoff_2026-05-13\all_keyframes_organized\grouped_by_clip\03_clip_03_robatayaki_fire_food_inserts\12_frame-05_05b_skewers_over_flame.jpeg,"0.74 seconds. Use the supplied 16:9 keyframe as the visual reference. Macro push on skewers over coals; fat sizzles, flames pulse once, smoke curls toward camera, shallow focus. Preserve Tokyo Rocks project design, realistic cinematic hospitality photography, 16:9 landscape. Keep architecture stable. No fake readable text, no warped logos, no poster layout, no UI overlay, no black borders, no random redesign."
13,05,Clip 03,00:16.57-00:17.32,05c_grilled_fish_seafood_steak,Fish / steak,finished_upscale,D:\New AI Directory\Tokyo Rocks\analysis\seedance_plan\manual_handoff_2026-05-13\upscaled_storyboard_refs\05_robatayaki_fire_sequence\05c_grilled_fish_seafood_steak_finished_upscale.jpeg,D:\New AI Directory\Tokyo Rocks\analysis\seedance_plan\manual_handoff_2026-05-13\all_keyframes_organized\00_all_keyframes_in_order\13_frame-05_05c_grilled_fish_seafood_steak.jpeg,D:\New AI Directory\Tokyo Rocks\analysis\seedance_plan\manual_handoff_2026-05-13\all_keyframes_organized\grouped_by_clip\03_clip_03_robatayaki_fire_food_inserts\13_frame-05_05c_grilled_fish_seafood_steak.jpeg,"0.74 seconds. Use the supplied 16:9 keyframe as the visual reference. Close pass across grilled fish, steak, and seafood on the robata; heat shimmer and oil highlights, realistic texture. Preserve Tokyo Rocks project design, realistic cinematic hospitality photography, 16:9 landscape. Keep architecture stable. No fake readable text, no warped logos, no poster layout, no UI overlay, no black borders, no random redesign."
14,05,Clip 03,00:17.32-00:18.06,05d_open_grill_chef_action,Chef action,finished_upscale,D:\New AI Directory\Tokyo Rocks\analysis\seedance_plan\manual_handoff_2026-05-13\upscaled_storyboard_refs\05_robatayaki_fire_sequence\05d_open_grill_chef_action_finished_upscale.jpeg,D:\New AI Directory\Tokyo Rocks\analysis\seedance_plan\manual_handoff_2026-05-13\all_keyframes_organized\00_all_keyframes_in_order\14_frame-05_05d_open_grill_chef_action.jpeg,D:\New AI Directory\Tokyo Rocks\analysis\seedance_plan\manual_handoff_2026-05-13\all_keyframes_organized\grouped_by_clip\03_clip_03_robatayaki_fire_food_inserts\14_frame-05_05d_open_grill_chef_action.jpeg,"0.74 seconds. Use the supplied 16:9 keyframe as the visual reference. Chef-action insert; black-uniform chef turns skewers with metal tongs, sparks and smoke move in sync with the beat. Preserve Tokyo Rocks project design, realistic cinematic hospitality photography, 16:9 landscape. Keep architecture stable. No fake readable text, no warped logos, no poster layout, no UI overlay, no black borders, no random redesign."
15,05,Clip 03,00:18.06-00:18.80,05e_counter_flame_detail,Flame detail,finished_upscale,D:\New AI Directory\Tokyo Rocks\analysis\seedance_plan\manual_handoff_2026-05-13\upscaled_storyboard_refs\05_robatayaki_fire_sequence\05e_counter_flame_detail_finished_upscale.jpeg,D:\New AI Directory\Tokyo Rocks\analysis\seedance_plan\manual_handoff_2026-05-13\all_keyframes_organized\00_all_keyframes_in_order\15_frame-05_05e_counter_flame_detail.jpeg,D:\New AI Directory\Tokyo Rocks\analysis\seedance_plan\manual_handoff_2026-05-13\all_keyframes_organized\grouped_by_clip\03_clip_03_robatayaki_fire_food_inserts\15_frame-05_05e_counter_flame_detail.jpeg,"0.74 seconds. Use the supplied 16:9 keyframe as the visual reference. Tight flame-detail insert; tongs cross foreground, grilled fish and skewers stay crisp, orange fire blooms and recedes. Preserve Tokyo Rocks project design, realistic cinematic hospitality photography, 16:9 landscape. Keep architecture stable. No fake readable text, no warped logos, no poster layout, no UI overlay, no black borders, no random redesign."
16,06,Clip 03,00:18.80-00:19.42,06a_sushi_counter_macro,Sushi,finished_upscale,D:\New AI Directory\Tokyo Rocks\analysis\seedance_plan\manual_handoff_2026-05-13\upscaled_storyboard_refs\06_food_craft_rapid_inserts\06a_sushi_counter_macro_finished_upscale.jpeg,D:\New AI Directory\Tokyo Rocks\analysis\seedance_plan\manual_handoff_2026-05-13\all_keyframes_organized\00_all_keyframes_in_order\16_frame-06_06a_sushi_counter_macro.jpeg,D:\New AI Directory\Tokyo Rocks\analysis\seedance_plan\manual_handoff_2026-05-13\all_keyframes_organized\grouped_by_clip\03_clip_03_robatayaki_fire_food_inserts\16_frame-06_06a_sushi_counter_macro.jpeg,"0.62 seconds. Use the supplied 16:9 keyframe as the visual reference. Macro sushi counter motion; chef hand places nigiri, fish surface catches soft light, focus racks from foreground to plate. Preserve Tokyo Rocks project design, realistic cinematic hospitality photography, 16:9 landscape. Keep architecture stable. No fake readable text, no warped logos, no poster layout, no UI overlay, no black borders, no random redesign."
17,06,Clip 03,00:19.42-00:20.04,06b_ramen_bowl_steam,Ramen,finished_upscale,D:\New AI Directory\Tokyo Rocks\analysis\seedance_plan\manual_handoff_2026-05-13\upscaled_storyboard_refs\06_food_craft_rapid_inserts\06b_ramen_bowl_steam_finished_upscale.jpeg,D:\New AI Directory\Tokyo Rocks\analysis\seedance_plan\manual_handoff_2026-05-13\all_keyframes_organized\00_all_keyframes_in_order\17_frame-06_06b_ramen_bowl_steam.jpeg,D:\New AI Directory\Tokyo Rocks\analysis\seedance_plan\manual_handoff_2026-05-13\all_keyframes_organized\grouped_by_clip\03_clip_03_robatayaki_fire_food_inserts\17_frame-06_06b_ramen_bowl_steam.jpeg,"0.62 seconds. Use the supplied 16:9 keyframe as the visual reference. Slow macro push over steaming ramen; broth ripples, noodles and garnish stay sharp, steam drifts upward. Preserve Tokyo Rocks project design, realistic cinematic hospitality photography, 16:9 landscape. Keep architecture stable. No fake readable text, no warped logos, no poster layout, no UI overlay, no black borders, no random redesign."
18,06,Clip 03,00:20.04-00:20.66,06c_grilled_skewers_fire,Skewers,finished_upscale,D:\New AI Directory\Tokyo Rocks\analysis\seedance_plan\manual_handoff_2026-05-13\upscaled_storyboard_refs\06_food_craft_rapid_inserts\06c_grilled_skewers_fire_finished_upscale.jpeg,D:\New AI Directory\Tokyo Rocks\analysis\seedance_plan\manual_handoff_2026-05-13\all_keyframes_organized\00_all_keyframes_in_order\18_frame-06_06c_grilled_skewers_fire.jpeg,D:\New AI Directory\Tokyo Rocks\analysis\seedance_plan\manual_handoff_2026-05-13\all_keyframes_organized\grouped_by_clip\03_clip_03_robatayaki_fire_food_inserts\18_frame-06_06c_grilled_skewers_fire.jpeg,"0.62 seconds. Use the supplied 16:9 keyframe as the visual reference. Fast close-up of skewers at the grill; smoke, embers, and glaze highlights pulse with the chant. Preserve Tokyo Rocks project design, realistic cinematic hospitality photography, 16:9 landscape. Keep architecture stable. No fake readable text, no warped logos, no poster layout, no UI overlay, no black borders, no random redesign."
19,06,Clip 03,00:20.66-00:21.28,06d_seafood_bar_shellfish,Seafood,finished_upscale,D:\New AI Directory\Tokyo Rocks\analysis\seedance_plan\manual_handoff_2026-05-13\upscaled_storyboard_refs\06_food_craft_rapid_inserts\06d_seafood_bar_shellfish_finished_upscale.jpeg,D:\New AI Directory\Tokyo Rocks\analysis\seedance_plan\manual_handoff_2026-05-13\all_keyframes_organized\00_all_keyframes_in_order\19_frame-06_06d_seafood_bar_shellfish.jpeg,D:\New AI Directory\Tokyo Rocks\analysis\seedance_plan\manual_handoff_2026-05-13\all_keyframes_organized\grouped_by_clip\03_clip_03_robatayaki_fire_food_inserts\19_frame-06_06d_seafood_bar_shellfish.jpeg,"0.62 seconds. Use the supplied 16:9 keyframe as the visual reference. Cinematic seafood-bar insert; shellfish and ice sparkle, chef hand sets a plate, shallow depth of field. Preserve Tokyo Rocks project design, realistic cinematic hospitality photography, 16:9 landscape. Keep architecture stable. No fake readable text, no warped logos, no poster layout, no UI overlay, no black borders, no random redesign."
20,06,Clip 03,00:21.28-00:21.90,06e_katsu_sando_detail,Katsu sando,existing_fullframe,D:\New AI Directory\Tokyo Rocks\analysis\seedance_plan\nano_banana_full_frame_refs\06_food_craft_rapid_inserts\06e_katsu_sando_detail_fullframe.png,D:\New AI Directory\Tokyo Rocks\analysis\seedance_plan\manual_handoff_2026-05-13\all_keyframes_organized\00_all_keyframes_in_order\20_frame-06_06e_katsu_sando_detail.png,D:\New AI Directory\Tokyo Rocks\analysis\seedance_plan\manual_handoff_2026-05-13\all_keyframes_organized\grouped_by_clip\03_clip_03_robatayaki_fire_food_inserts\20_frame-06_06e_katsu_sando_detail.png,"0.62 seconds. Use the supplied 16:9 keyframe as the visual reference. Tight katsu sando detail; knife or hand movement reveals the crisp cut edge, bread texture and sauce stay sharp. Preserve Tokyo Rocks project design, realistic cinematic hospitality photography, 16:9 landscape. Keep architecture stable. No fake readable text, no warped logos, no poster layout, no UI overlay, no black borders, no random redesign."
21,06,Clip 03,00:21.90-00:22.52,06f_sake_whisky_pour,Sake,finished_upscale,D:\New AI Directory\Tokyo Rocks\analysis\seedance_plan\manual_handoff_2026-05-13\upscaled_storyboard_refs\06_food_craft_rapid_inserts\06f_sake_whisky_pour_finished_upscale.jpeg,D:\New AI Directory\Tokyo Rocks\analysis\seedance_plan\manual_handoff_2026-05-13\all_keyframes_organized\00_all_keyframes_in_order\21_frame-06_06f_sake_whisky_pour.jpeg,D:\New AI Directory\Tokyo Rocks\analysis\seedance_plan\manual_handoff_2026-05-13\all_keyframes_organized\grouped_by_clip\03_clip_03_robatayaki_fire_food_inserts\21_frame-06_06f_sake_whisky_pour.jpeg,"0.62 seconds. Use the supplied 16:9 keyframe as the visual reference. Pour shot; sake or whisky streams into glass, bottle reflections shimmer, amber liquid catches the beat. Preserve Tokyo Rocks project design, realistic cinematic hospitality photography, 16:9 landscape. Keep architecture stable. No fake readable text, no warped logos, no poster layout, no UI overlay, no black borders, no random redesign."
22,07,Clip 04,00:22.52-00:26.23,07_omakase_counter_no_title,Craft reset: omakase precision,existing_fullframe,D:\New AI Directory\Tokyo Rocks\analysis\seedance_plan\nano_banana_full_frame_refs\00_flow_frames\07_omakase_counter_no_title_fullframe.png,D:\New AI Directory\Tokyo Rocks\analysis\seedance_plan\manual_handoff_2026-05-13\all_keyframes_organized\00_all_keyframes_in_order\22_frame-07_07_omakase_counter_no_title.png,D:\New AI Directory\Tokyo Rocks\analysis\seedance_plan\manual_handoff_2026-05-13\all_keyframes_organized\grouped_by_clip\04_clip_04_omakase_whisky_vinyl\22_frame-07_07_omakase_counter_no_title.png,"3.71 seconds. Use the supplied 16:9 keyframe as the visual reference. Breathing-room reset; slow lateral move along omakase counter, chef precision, warm intimate light, quiet focus. Preserve Tokyo Rocks project design, realistic cinematic hospitality photography, 16:9 landscape. Keep architecture stable. No fake readable text, no warped logos, no poster layout, no UI overlay, no black borders, no random redesign."
23,08,Clip 04,00:26.23-00:29.95,08_whisky_vinyl_lounge_clean,Craft reset: whisky and vinyl,existing_fullframe,D:\New AI Directory\Tokyo Rocks\analysis\seedance_plan\nano_banana_full_frame_refs\00_flow_frames\08_whisky_vinyl_lounge_clean_fullframe.png,D:\New AI Directory\Tokyo Rocks\analysis\seedance_plan\manual_handoff_2026-05-13\all_keyframes_organized\00_all_keyframes_in_order\23_frame-08_08_whisky_vinyl_lounge_clean.png,D:\New AI Directory\Tokyo Rocks\analysis\seedance_plan\manual_handoff_2026-05-13\all_keyframes_organized\grouped_by_clip\04_clip_04_omakase_whisky_vinyl\23_frame-08_08_whisky_vinyl_lounge_clean.png,"3.72 seconds. Use the supplied 16:9 keyframe as the visual reference. Match liquid to music; record spins beside whisky glass, amber bottle wall glows, slow push with subtle turntable motion. Preserve Tokyo Rocks project design, realistic cinematic hospitality photography, 16:9 landscape. Keep architecture stable. No fake readable text, no warped logos, no poster layout, no UI overlay, no black borders, no random redesign."
24,09,Clip 05,00:29.95-00:30.57,09a_whisky_vinyl_lounge,Vinyl lounge,finished_upscale,D:\New AI Directory\Tokyo Rocks\analysis\seedance_plan\manual_handoff_2026-05-13\upscaled_storyboard_refs\09_rapid_venue_transition\09a_whisky_vinyl_lounge_finished_upscale.jpeg,D:\New AI Directory\Tokyo Rocks\analysis\seedance_plan\manual_handoff_2026-05-13\all_keyframes_organized\00_all_keyframes_in_order\24_frame-09_09a_whisky_vinyl_lounge.jpeg,D:\New AI Directory\Tokyo Rocks\analysis\seedance_plan\manual_handoff_2026-05-13\all_keyframes_organized\grouped_by_clip\05_clip_05_night_mode_rock_bar\24_frame-09_09a_whisky_vinyl_lounge.jpeg,"0.62 seconds. Use the supplied 16:9 keyframe as the visual reference. Rapid nightlife insert of whisky-vinyl lounge; camera slides past record player and glass, warm reflections streak. Preserve Tokyo Rocks project design, realistic cinematic hospitality photography, 16:9 landscape. Keep architecture stable. No fake readable text, no warped logos, no poster layout, no UI overlay, no black borders, no random redesign."
25,09,Clip 05,00:30.57-00:31.19,09b_bar_bottle_wall,Whisky wall,finished_upscale,D:\New AI Directory\Tokyo Rocks\analysis\seedance_plan\manual_handoff_2026-05-13\upscaled_storyboard_refs\09_rapid_venue_transition\09b_bar_bottle_wall_finished_upscale.jpeg,D:\New AI Directory\Tokyo Rocks\analysis\seedance_plan\manual_handoff_2026-05-13\all_keyframes_organized\00_all_keyframes_in_order\25_frame-09_09b_bar_bottle_wall.jpeg,D:\New AI Directory\Tokyo Rocks\analysis\seedance_plan\manual_handoff_2026-05-13\all_keyframes_organized\grouped_by_clip\05_clip_05_night_mode_rock_bar\25_frame-09_09b_bar_bottle_wall.jpeg,"0.62 seconds. Use the supplied 16:9 keyframe as the visual reference. Quick straight-on bar wall move; bottles and backlight create rhythmic parallax, stools remain stable. Preserve Tokyo Rocks project design, realistic cinematic hospitality photography, 16:9 landscape. Keep architecture stable. No fake readable text, no warped logos, no poster layout, no UI overlay, no black borders, no random redesign."
26,09,Clip 05,00:31.19-00:31.80,09c_record_coffee_table,Coffee / record,finished_upscale,D:\New AI Directory\Tokyo Rocks\analysis\seedance_plan\manual_handoff_2026-05-13\upscaled_storyboard_refs\09_rapid_venue_transition\09c_record_coffee_table_finished_upscale.jpeg,D:\New AI Directory\Tokyo Rocks\analysis\seedance_plan\manual_handoff_2026-05-13\all_keyframes_organized\00_all_keyframes_in_order\26_frame-09_09c_record_coffee_table.jpeg,D:\New AI Directory\Tokyo Rocks\analysis\seedance_plan\manual_handoff_2026-05-13\all_keyframes_organized\grouped_by_clip\05_clip_05_night_mode_rock_bar\26_frame-09_09c_record_coffee_table.jpeg,"0.62 seconds. Use the supplied 16:9 keyframe as the visual reference. Fast insert over coffee cup and spinning record; crema, vinyl grooves, and dappled light move subtly. Preserve Tokyo Rocks project design, realistic cinematic hospitality photography, 16:9 landscape. Keep architecture stable. No fake readable text, no warped logos, no poster layout, no UI overlay, no black borders, no random redesign."
27,09,Clip 05,00:31.80-00:32.42,09d_grocery_night_market,Night market,finished_upscale,D:\New AI Directory\Tokyo Rocks\analysis\seedance_plan\manual_handoff_2026-05-13\upscaled_storyboard_refs\09_rapid_venue_transition\09d_grocery_night_market_finished_upscale.jpeg,D:\New AI Directory\Tokyo Rocks\analysis\seedance_plan\manual_handoff_2026-05-13\all_keyframes_organized\00_all_keyframes_in_order\27_frame-09_09d_grocery_night_market.jpeg,D:\New AI Directory\Tokyo Rocks\analysis\seedance_plan\manual_handoff_2026-05-13\all_keyframes_organized\grouped_by_clip\05_clip_05_night_mode_rock_bar\27_frame-09_09d_grocery_night_market.jpeg,"0.62 seconds. Use the supplied 16:9 keyframe as the visual reference. Night-market flash; camera pushes through produce and bottles, warm shop lights and guests animate lightly. Preserve Tokyo Rocks project design, realistic cinematic hospitality photography, 16:9 landscape. Keep architecture stable. No fake readable text, no warped logos, no poster layout, no UI overlay, no black borders, no random redesign."
28,09,Clip 05,00:32.42-00:33.04,09e_lounge_people_at_table,Social table,finished_upscale,D:\New AI Directory\Tokyo Rocks\analysis\seedance_plan\manual_handoff_2026-05-13\upscaled_storyboard_refs\09_rapid_venue_transition\09e_lounge_people_at_table_finished_upscale.jpeg,D:\New AI Directory\Tokyo Rocks\analysis\seedance_plan\manual_handoff_2026-05-13\all_keyframes_organized\00_all_keyframes_in_order\28_frame-09_09e_lounge_people_at_table.jpeg,D:\New AI Directory\Tokyo Rocks\analysis\seedance_plan\manual_handoff_2026-05-13\all_keyframes_organized\grouped_by_clip\05_clip_05_night_mode_rock_bar\28_frame-09_09e_lounge_people_at_table.jpeg,"0.62 seconds. Use the supplied 16:9 keyframe as the visual reference. Social table insert; group conversation and hand gestures, table glints, background stays cinematic and restrained. Preserve Tokyo Rocks project design, realistic cinematic hospitality photography, 16:9 landscape. Keep architecture stable. No fake readable text, no warped logos, no poster layout, no UI overlay, no black borders, no random redesign."
29,09,Clip 05,00:33.04-00:33.66,09f_rock_bar_stage,Rock bar,finished_upscale,D:\New AI Directory\Tokyo Rocks\analysis\seedance_plan\manual_handoff_2026-05-13\upscaled_storyboard_refs\09_rapid_venue_transition\09f_rock_bar_stage_finished_upscale.jpeg,D:\New AI Directory\Tokyo Rocks\analysis\seedance_plan\manual_handoff_2026-05-13\all_keyframes_organized\00_all_keyframes_in_order\29_frame-09_09f_rock_bar_stage.jpeg,D:\New AI Directory\Tokyo Rocks\analysis\seedance_plan\manual_handoff_2026-05-13\all_keyframes_organized\grouped_by_clip\05_clip_05_night_mode_rock_bar\29_frame-09_09f_rock_bar_stage.jpeg,"0.62 seconds. Use the supplied 16:9 keyframe as the visual reference. Whip into the rock bar; crowd silhouettes, stage lights sweep, band energy rises without shaky chaos. Preserve Tokyo Rocks project design, realistic cinematic hospitality photography, 16:9 landscape. Keep architecture stable. No fake readable text, no warped logos, no poster layout, no UI overlay, no black borders, no random redesign."
30,10,Clip 05,00:33.66-00:37.38,10_rock_bar_stage_clean,Heroic hook starts: rock bar,finished_upscale,D:\New AI Directory\Tokyo Rocks\analysis\seedance_plan\manual_handoff_2026-05-13\upscaled_storyboard_refs\00_flow_frames\10_rock_bar_stage_clean_finished_upscale.jpeg,D:\New AI Directory\Tokyo Rocks\analysis\seedance_plan\manual_handoff_2026-05-13\all_keyframes_organized\00_all_keyframes_in_order\30_frame-10_10_rock_bar_stage_clean.jpeg,D:\New AI Directory\Tokyo Rocks\analysis\seedance_plan\manual_handoff_2026-05-13\all_keyframes_organized\grouped_by_clip\05_clip_05_night_mode_rock_bar\30_frame-10_10_rock_bar_stage_clean.jpeg,"3.72 seconds. Use the supplied 16:9 keyframe as the visual reference. Heroic hook starts; push through packed crowd toward the live rock stage, red neon and guitar lights bloom. Preserve Tokyo Rocks project design, realistic cinematic hospitality photography, 16:9 landscape. Keep architecture stable. No fake readable text, no warped logos, no poster layout, no UI overlay, no black borders, no random redesign."
31,11,Clip 06,00:37.38-00:41.09,11_immersive_projection_clean,Heroic hook: immersive Tokyo,existing_fullframe,D:\New AI Directory\Tokyo Rocks\analysis\seedance_plan\nano_banana_full_frame_refs\00_flow_frames\11_immersive_projection_clean_fullframe.png,D:\New AI Directory\Tokyo Rocks\analysis\seedance_plan\manual_handoff_2026-05-13\all_keyframes_organized\00_all_keyframes_in_order\31_frame-11_11_immersive_projection_clean.png,D:\New AI Directory\Tokyo Rocks\analysis\seedance_plan\manual_handoff_2026-05-13\all_keyframes_organized\grouped_by_clip\06_clip_06_immersive_anime_game_room\31_frame-11_11_immersive_projection_clean.png,"3.71 seconds. Use the supplied 16:9 keyframe as the visual reference. Match cut from stage light into immersive projection room; walls and reflective floor bloom around guests. Preserve Tokyo Rocks project design, realistic cinematic hospitality photography, 16:9 landscape. Keep architecture stable. No fake readable text, no warped logos, no poster layout, no UI overlay, no black borders, no random redesign."
32,12,Clip 06,00:41.09-00:41.56,12a_immersive_projection_room,Projection,finished_upscale,D:\New AI Directory\Tokyo Rocks\analysis\seedance_plan\manual_handoff_2026-05-13\upscaled_storyboard_refs\12_anime_culture_rapid_showcase\12a_immersive_projection_room_finished_upscale.jpeg,D:\New AI Directory\Tokyo Rocks\analysis\seedance_plan\manual_handoff_2026-05-13\all_keyframes_organized\00_all_keyframes_in_order\32_frame-12_12a_immersive_projection_room.jpeg,D:\New AI Directory\Tokyo Rocks\analysis\seedance_plan\manual_handoff_2026-05-13\all_keyframes_organized\grouped_by_clip\06_clip_06_immersive_anime_game_room\32_frame-12_12a_immersive_projection_room.jpeg,"0.47 seconds. Use the supplied 16:9 keyframe as the visual reference. Distinct projection-room flash; wide LED walls wrap guests, reflective floor catches moving neon, no giant readable text. Preserve Tokyo Rocks project design, realistic cinematic hospitality photography, 16:9 landscape. Keep architecture stable. No fake readable text, no warped logos, no poster layout, no UI overlay, no black borders, no random redesign."
33,12,Clip 06,00:41.56-00:42.02,12b_anime_museum_hall,Museum hall,finished_upscale,D:\New AI Directory\Tokyo Rocks\analysis\seedance_plan\manual_handoff_2026-05-13\upscaled_storyboard_refs\12_anime_culture_rapid_showcase\12b_anime_museum_hall_finished_upscale.jpeg,D:\New AI Directory\Tokyo Rocks\analysis\seedance_plan\manual_handoff_2026-05-13\all_keyframes_organized\00_all_keyframes_in_order\33_frame-12_12b_anime_museum_hall.jpeg,D:\New AI Directory\Tokyo Rocks\analysis\seedance_plan\manual_handoff_2026-05-13\all_keyframes_organized\grouped_by_clip\06_clip_06_immersive_anime_game_room\33_frame-12_12b_anime_museum_hall.jpeg,"0.46 seconds. Use the supplied 16:9 keyframe as the visual reference. Anime museum hall reveal; visitors move between display cases and projection walls, neon reflections glide. Preserve Tokyo Rocks project design, realistic cinematic hospitality photography, 16:9 landscape. Keep architecture stable. No fake readable text, no warped logos, no poster layout, no UI overlay, no black borders, no random redesign."
34,12,Clip 06,00:42.02-00:42.48,12c_giant_anime_projection,Giant art,finished_upscale,D:\New AI Directory\Tokyo Rocks\analysis\seedance_plan\manual_handoff_2026-05-13\upscaled_storyboard_refs\12_anime_culture_rapid_showcase\12c_giant_anime_projection_finished_upscale.jpeg,D:\New AI Directory\Tokyo Rocks\analysis\seedance_plan\manual_handoff_2026-05-13\all_keyframes_organized\00_all_keyframes_in_order\34_frame-12_12c_giant_anime_projection.jpeg,D:\New AI Directory\Tokyo Rocks\analysis\seedance_plan\manual_handoff_2026-05-13\all_keyframes_organized\grouped_by_clip\06_clip_06_immersive_anime_game_room\34_frame-12_12c_giant_anime_projection.jpeg,"0.46 seconds. Use the supplied 16:9 keyframe as the visual reference. Giant anime-art insert; heroic mural or projection looms large while the camera glides past visitors and display cases. Preserve Tokyo Rocks project design, realistic cinematic hospitality photography, 16:9 landscape. Keep architecture stable. No fake readable text, no warped logos, no poster layout, no UI overlay, no black borders, no random redesign."
35,12,Clip 06,00:42.48-00:42.95,12d_game_screen_area,Game room,finished_upscale,D:\New AI Directory\Tokyo Rocks\analysis\seedance_plan\manual_handoff_2026-05-13\upscaled_storyboard_refs\12_anime_culture_rapid_showcase\12d_game_screen_area_finished_upscale.jpeg,D:\New AI Directory\Tokyo Rocks\analysis\seedance_plan\manual_handoff_2026-05-13\all_keyframes_organized\00_all_keyframes_in_order\35_frame-12_12d_game_screen_area.jpeg,D:\New AI Directory\Tokyo Rocks\analysis\seedance_plan\manual_handoff_2026-05-13\all_keyframes_organized\grouped_by_clip\06_clip_06_immersive_anime_game_room\35_frame-12_12d_game_screen_area.jpeg,"0.47 seconds. Use the supplied 16:9 keyframe as the visual reference. Game room beat; kids and guests face large interactive screens, screen light flickers across the room. Preserve Tokyo Rocks project design, realistic cinematic hospitality photography, 16:9 landscape. Keep architecture stable. No fake readable text, no warped logos, no poster layout, no UI overlay, no black borders, no random redesign."
36,12,Clip 06,00:42.95-00:43.42,12e_collectibles_interactive_table,Collectibles,finished_upscale,D:\New AI Directory\Tokyo Rocks\analysis\seedance_plan\manual_handoff_2026-05-13\upscaled_storyboard_refs\12_anime_culture_rapid_showcase\12e_collectibles_interactive_table_finished_upscale.jpeg,D:\New AI Directory\Tokyo Rocks\analysis\seedance_plan\manual_handoff_2026-05-13\all_keyframes_organized\00_all_keyframes_in_order\36_frame-12_12e_collectibles_interactive_table.jpeg,D:\New AI Directory\Tokyo Rocks\analysis\seedance_plan\manual_handoff_2026-05-13\all_keyframes_organized\grouped_by_clip\06_clip_06_immersive_anime_game_room\36_frame-12_12e_collectibles_interactive_table.jpeg,"0.47 seconds. Use the supplied 16:9 keyframe as the visual reference. Collectibles/table insert; camera orbits a display table, figures and glass cases sparkle, hands point but do not distort. Preserve Tokyo Rocks project design, realistic cinematic hospitality photography, 16:9 landscape. Keep architecture stable. No fake readable text, no warped logos, no poster layout, no UI overlay, no black borders, no random redesign."
37,12,Clip 06,00:43.42-00:43.88,12f_cosplay_gallery,Cosplay,finished_upscale,D:\New AI Directory\Tokyo Rocks\analysis\seedance_plan\manual_handoff_2026-05-13\upscaled_storyboard_refs\12_anime_culture_rapid_showcase\12f_cosplay_gallery_finished_upscale.jpeg,D:\New AI Directory\Tokyo Rocks\analysis\seedance_plan\manual_handoff_2026-05-13\all_keyframes_organized\00_all_keyframes_in_order\37_frame-12_12f_cosplay_gallery.jpeg,D:\New AI Directory\Tokyo Rocks\analysis\seedance_plan\manual_handoff_2026-05-13\all_keyframes_organized\grouped_by_clip\06_clip_06_immersive_anime_game_room\37_frame-12_12f_cosplay_gallery.jpeg,"0.46 seconds. Use the supplied 16:9 keyframe as the visual reference. Cosplay gallery flash; racks of costumes and guests dressing up, quick side glide, neon accents. Preserve Tokyo Rocks project design, realistic cinematic hospitality photography, 16:9 landscape. Keep architecture stable. No fake readable text, no warped logos, no poster layout, no UI overlay, no black borders, no random redesign."
38,12,Clip 06,00:43.88-00:44.34,12g_fantasy_projection_room,Fantasy room,finished_upscale,D:\New AI Directory\Tokyo Rocks\analysis\seedance_plan\manual_handoff_2026-05-13\upscaled_storyboard_refs\12_anime_culture_rapid_showcase\12g_fantasy_projection_room_finished_upscale.jpeg,D:\New AI Directory\Tokyo Rocks\analysis\seedance_plan\manual_handoff_2026-05-13\all_keyframes_organized\00_all_keyframes_in_order\38_frame-12_12g_fantasy_projection_room.jpeg,D:\New AI Directory\Tokyo Rocks\analysis\seedance_plan\manual_handoff_2026-05-13\all_keyframes_organized\grouped_by_clip\06_clip_06_immersive_anime_game_room\38_frame-12_12g_fantasy_projection_room.jpeg,"0.46 seconds. Use the supplied 16:9 keyframe as the visual reference. Fantasy projection room; guests sit in an immersive animated landscape, floor reflections and wall light move slowly. Preserve Tokyo Rocks project design, realistic cinematic hospitality photography, 16:9 landscape. Keep architecture stable. No fake readable text, no warped logos, no poster layout, no UI overlay, no black borders, no random redesign."
39,12,Clip 06,00:44.34-00:44.81,12h_geisha_kimono_gallery,Kimono gallery,existing_fullframe,D:\New AI Directory\Tokyo Rocks\analysis\seedance_plan\nano_banana_full_frame_refs\12_anime_culture_rapid_showcase\12h_geisha_kimono_gallery_fullframe.png,D:\New AI Directory\Tokyo Rocks\analysis\seedance_plan\manual_handoff_2026-05-13\all_keyframes_organized\00_all_keyframes_in_order\39_frame-12_12h_geisha_kimono_gallery.png,D:\New AI Directory\Tokyo Rocks\analysis\seedance_plan\manual_handoff_2026-05-13\all_keyframes_organized\grouped_by_clip\06_clip_06_immersive_anime_game_room\39_frame-12_12h_geisha_kimono_gallery.png,"0.47 seconds. Use the supplied 16:9 keyframe as the visual reference. Kimono gallery insert; slow elegant move past fabric, lanterns, and display mannequins, cultural texture stays refined. Preserve Tokyo Rocks project design, realistic cinematic hospitality photography, 16:9 landscape. Keep architecture stable. No fake readable text, no warped logos, no poster layout, no UI overlay, no black borders, no random redesign."
40,13,Clip 07,00:44.81-00:48.52,13_sumo_hall_reveal_clean,Heroic hook: sumo reveal,finished_upscale,D:\New AI Directory\Tokyo Rocks\analysis\seedance_plan\manual_handoff_2026-05-13\upscaled_storyboard_refs\00_flow_frames\13_sumo_hall_reveal_clean_finished_upscale.jpeg,D:\New AI Directory\Tokyo Rocks\analysis\seedance_plan\manual_handoff_2026-05-13\all_keyframes_organized\00_all_keyframes_in_order\40_frame-13_13_sumo_hall_reveal_clean.jpeg,D:\New AI Directory\Tokyo Rocks\analysis\seedance_plan\manual_handoff_2026-05-13\all_keyframes_organized\grouped_by_clip\07_clip_07_sumo_reveal_faceoff\40_frame-13_13_sumo_hall_reveal_clean.jpeg,"3.71 seconds. Use the supplied 16:9 keyframe as the visual reference. Doorway reveal into the sumo hall; forward push opens to lanterns, balcony audience, dining tables, and the ring. Preserve Tokyo Rocks project design, realistic cinematic hospitality photography, 16:9 landscape. Keep architecture stable. No fake readable text, no warped logos, no poster layout, no UI overlay, no black borders, no random redesign."
41,14,Clip 07,00:48.52-00:52.24,14_sumo_faceoff_clean,Heroic hook: sumo face-off,finished_upscale,D:\New AI Directory\Tokyo Rocks\analysis\seedance_plan\manual_handoff_2026-05-13\upscaled_storyboard_refs\00_flow_frames\14_sumo_faceoff_clean_finished_upscale.jpeg,D:\New AI Directory\Tokyo Rocks\analysis\seedance_plan\manual_handoff_2026-05-13\all_keyframes_organized\00_all_keyframes_in_order\41_frame-14_14_sumo_faceoff_clean.jpeg,D:\New AI Directory\Tokyo Rocks\analysis\seedance_plan\manual_handoff_2026-05-13\all_keyframes_organized\grouped_by_clip\07_clip_07_sumo_reveal_faceoff\41_frame-14_14_sumo_faceoff_clean.jpeg,"3.72 seconds. Use the supplied 16:9 keyframe as the visual reference. Low circular dolly around two sumo wrestlers in face-off; audience stays secondary, ring geometry remains stable. Preserve Tokyo Rocks project design, realistic cinematic hospitality photography, 16:9 landscape. Keep architecture stable. No fake readable text, no warped logos, no poster layout, no UI overlay, no black borders, no random redesign."
42,15,Clip 08,00:52.24-00:52.86,15a_wide_ring_crowd,Wide ring,finished_upscale,D:\New AI Directory\Tokyo Rocks\analysis\seedance_plan\manual_handoff_2026-05-13\upscaled_storyboard_refs\15_sumo_audience_spectacle_inserts\15a_wide_ring_crowd_finished_upscale.jpeg,D:\New AI Directory\Tokyo Rocks\analysis\seedance_plan\manual_handoff_2026-05-13\all_keyframes_organized\00_all_keyframes_in_order\42_frame-15_15a_wide_ring_crowd.jpeg,D:\New AI Directory\Tokyo Rocks\analysis\seedance_plan\manual_handoff_2026-05-13\all_keyframes_organized\grouped_by_clip\08_clip_08_sumo_final_pullback\42_frame-15_15a_wide_ring_crowd.jpeg,"0.62 seconds. Use the supplied 16:9 keyframe as the visual reference. Wide ring-crowd insert; slight crane up over diners and lanterns, wrestlers centered, spectacle builds. Preserve Tokyo Rocks project design, realistic cinematic hospitality photography, 16:9 landscape. Keep architecture stable. No fake readable text, no warped logos, no poster layout, no UI overlay, no black borders, no random redesign."
43,15,Clip 08,00:52.86-00:53.48,15b_wrestlers_faceoff_low,Face-off,finished_upscale,D:\New AI Directory\Tokyo Rocks\analysis\seedance_plan\manual_handoff_2026-05-13\upscaled_storyboard_refs\15_sumo_audience_spectacle_inserts\15b_wrestlers_faceoff_low_finished_upscale.jpeg,D:\New AI Directory\Tokyo Rocks\analysis\seedance_plan\manual_handoff_2026-05-13\all_keyframes_organized\00_all_keyframes_in_order\43_frame-15_15b_wrestlers_faceoff_low.jpeg,D:\New AI Directory\Tokyo Rocks\analysis\seedance_plan\manual_handoff_2026-05-13\all_keyframes_organized\grouped_by_clip\08_clip_08_sumo_final_pullback\43_frame-15_15b_wrestlers_faceoff_low.jpeg,"0.62 seconds. Use the supplied 16:9 keyframe as the visual reference. Low-angle face-off; slow push between the wrestlers, chalk dust and ring light visible. Preserve Tokyo Rocks project design, realistic cinematic hospitality photography, 16:9 landscape. Keep architecture stable. No fake readable text, no warped logos, no poster layout, no UI overlay, no black borders, no random redesign."
44,15,Clip 08,00:53.48-00:54.09,15c_audience_phones_tables,Phones / tables,finished_upscale,D:\New AI Directory\Tokyo Rocks\analysis\seedance_plan\manual_handoff_2026-05-13\upscaled_storyboard_refs\15_sumo_audience_spectacle_inserts\15c_audience_phones_tables_finished_upscale.jpeg,D:\New AI Directory\Tokyo Rocks\analysis\seedance_plan\manual_handoff_2026-05-13\all_keyframes_organized\00_all_keyframes_in_order\44_frame-15_15c_audience_phones_tables.jpeg,D:\New AI Directory\Tokyo Rocks\analysis\seedance_plan\manual_handoff_2026-05-13\all_keyframes_organized\grouped_by_clip\08_clip_08_sumo_final_pullback\44_frame-15_15c_audience_phones_tables.jpeg,"0.62 seconds. Use the supplied 16:9 keyframe as the visual reference. Audience insert; diners lift phones and glasses, table reflections and lantern light shimmer. Preserve Tokyo Rocks project design, realistic cinematic hospitality photography, 16:9 landscape. Keep architecture stable. No fake readable text, no warped logos, no poster layout, no UI overlay, no black borders, no random redesign."
45,15,Clip 08,00:54.09-00:54.71,15d_referee_ring_ceremony,Ceremony,existing_fullframe,D:\New AI Directory\Tokyo Rocks\analysis\seedance_plan\nano_banana_full_frame_refs\15_sumo_audience_spectacle_inserts\15d_referee_ring_ceremony_fullframe.png,D:\New AI Directory\Tokyo Rocks\analysis\seedance_plan\manual_handoff_2026-05-13\all_keyframes_organized\00_all_keyframes_in_order\45_frame-15_15d_referee_ring_ceremony.png,D:\New AI Directory\Tokyo Rocks\analysis\seedance_plan\manual_handoff_2026-05-13\all_keyframes_organized\grouped_by_clip\08_clip_08_sumo_final_pullback\45_frame-15_15d_referee_ring_ceremony.png,"0.62 seconds. Use the supplied 16:9 keyframe as the visual reference. Ceremonial beat; referee gesture, wrestlers hold position, camera tracks gently around ring edge. Preserve Tokyo Rocks project design, realistic cinematic hospitality photography, 16:9 landscape. Keep architecture stable. No fake readable text, no warped logos, no poster layout, no UI overlay, no black borders, no random redesign."
46,15,Clip 08,00:54.71-00:55.33,15e_balcony_lantern_crowd,Lantern crowd,finished_upscale,D:\New AI Directory\Tokyo Rocks\analysis\seedance_plan\manual_handoff_2026-05-13\upscaled_storyboard_refs\15_sumo_audience_spectacle_inserts\15e_balcony_lantern_crowd_finished_upscale.jpeg,D:\New AI Directory\Tokyo Rocks\analysis\seedance_plan\manual_handoff_2026-05-13\all_keyframes_organized\00_all_keyframes_in_order\46_frame-15_15e_balcony_lantern_crowd.jpeg,D:\New AI Directory\Tokyo Rocks\analysis\seedance_plan\manual_handoff_2026-05-13\all_keyframes_organized\grouped_by_clip\08_clip_08_sumo_final_pullback\46_frame-15_15e_balcony_lantern_crowd.jpeg,"0.62 seconds. Use the supplied 16:9 keyframe as the visual reference. Balcony lantern crowd; upward tilt reveals second level, lanterns sway slightly, cheering crowd moves naturally. Preserve Tokyo Rocks project design, realistic cinematic hospitality photography, 16:9 landscape. Keep architecture stable. No fake readable text, no warped logos, no poster layout, no UI overlay, no black borders, no random redesign."
47,15,Clip 08,00:55.33-00:55.95,15f_dining_ring_edge,Dining edge,finished_upscale,D:\New AI Directory\Tokyo Rocks\analysis\seedance_plan\manual_handoff_2026-05-13\upscaled_storyboard_refs\15_sumo_audience_spectacle_inserts\15f_dining_ring_edge_finished_upscale.jpeg,D:\New AI Directory\Tokyo Rocks\analysis\seedance_plan\manual_handoff_2026-05-13\all_keyframes_organized\00_all_keyframes_in_order\47_frame-15_15f_dining_ring_edge.jpeg,D:\New AI Directory\Tokyo Rocks\analysis\seedance_plan\manual_handoff_2026-05-13\all_keyframes_organized\grouped_by_clip\08_clip_08_sumo_final_pullback\47_frame-15_15f_dining_ring_edge.jpeg,"0.62 seconds. Use the supplied 16:9 keyframe as the visual reference. Dining-at-ring-edge insert; plates and glasses in foreground, ring action beyond, subtle rack focus. Preserve Tokyo Rocks project design, realistic cinematic hospitality photography, 16:9 landscape. Keep architecture stable. No fake readable text, no warped logos, no poster layout, no UI overlay, no black borders, no random redesign."
48,16,Clip 08,00:55.95-00:59.68,16_final_destination_clean,Heroic hook: final pullback,finished_upscale,D:\New AI Directory\Tokyo Rocks\analysis\seedance_plan\manual_handoff_2026-05-13\upscaled_storyboard_refs\00_flow_frames\16_final_destination_clean_finished_upscale.jpeg,D:\New AI Directory\Tokyo Rocks\analysis\seedance_plan\manual_handoff_2026-05-13\all_keyframes_organized\00_all_keyframes_in_order\48_frame-16_16_final_destination_clean.jpeg,D:\New AI Directory\Tokyo Rocks\analysis\seedance_plan\manual_handoff_2026-05-13\all_keyframes_organized\grouped_by_clip\08_clip_08_sumo_final_pullback\48_frame-16_16_final_destination_clean.jpeg,"3.73 seconds. Use the supplied 16:9 keyframe as the visual reference. Final pullback; camera rises and moves backward from ring to full Tokyo Rocks destination, leave clean dark space for real logo in post. Preserve Tokyo Rocks project design, realistic cinematic hospitality photography, 16:9 landscape. Keep architecture stable. No fake readable text, no warped logos, no poster layout, no UI overlay, no black borders, no random redesign."
